id,action,source,destination,protocol,port,description
r10-internet-to-dmz,allow,INTERNET,DMZ,,tcp/443;udp/1194,"Public website and VPN"
r20-corp-to-dmz,allow,CORP,DMZ,,tcp/443,"Staff access to DMZ services"
r30-corp-to-dev,allow,CORP,DEV,,tcp/22;tcp/443,"Engineers to development"
r40-dev-to-prod,allow,DEV,PROD,,any,"Deployments (temporarily widened for the September migration)"
r50-dmz-to-prod,allow,DMZ,PROD,,tcp/8443,"Portal front end to the application tier"
r55-dmz-to-legacy-ftp,allow,DMZ,host:FTP-OLD,,tcp/21,"Legacy partner file drop"
r60-vpn-to-corp,allow,DMZ,CORP,,tcp/3389;tcp/22,"VPN users to workstations"
r70-prod-egress,allow,PROD,INTERNET,,tcp/443,"Production egress (updates, backups)"
r80-corp-egress,allow,CORP,INTERNET,,tcp/80;tcp/443,"Staff web access"
r85-deny-dev-to-prod-db,deny,DEV,host:DB-01,,tcp/5432,"Development must not reach the production database directly"
r90-corp-to-dev-ssh,allow,CORP,DEV,,tcp/22,"SSH for engineers"
r95-lab-isolation,deny,LAB,any,,any,"The lab is isolated"
r99-default-deny,deny,any,any,,any,"Explicit default deny"
